{"cameraMode":{"drawMode":0,"name":"Shaded","section":"Shading Mode"},"sceneLighting":true,"audioPlay":false,"sceneViewState":{"m_AlwaysRefresh":false,"showFog":true,"showSkybox":true,"showFlares":true,"showImageEffects":true,"showParticleSystems":true,"showVisualEffectGraphs":true,"m_FxEnabled":true},"in2DMode":false,"pivot":{"x":192.59515380859376,"y":16.863441467285158,"z":-116.4881591796875},"rotation":{"x":0.019460082054138185,"y":-0.0629463642835617,"z":0.001227609463967383,"w":0.9978261590003967},"size":114.83472442626953,"orthographic":true}