{"cameraMode":{"drawMode":0,"name":"Shaded","section":"Shading Mode"},"sceneLighting":true,"audioPlay":false,"sceneViewState":{"m_AlwaysRefresh":false,"showFog":true,"showSkybox":true,"showFlares":true,"showImageEffects":true,"showParticleSystems":true,"showVisualEffectGraphs":true,"m_FxEnabled":true},"in2DMode":false,"pivot":{"x":-0.47548484802246096,"y":3.400273323059082,"z":15.379006385803223},"rotation":{"x":-0.31483161449432375,"y":-0.34002402424812319,"z":0.12196369469165802,"w":-0.8777203559875488},"size":2.6287009716033937,"orthographic":false}