{"cameraMode":{"drawMode":0,"name":"Shaded","section":"Shading Mode"},"sceneLighting":true,"audioPlay":false,"sceneViewState":{"m_AlwaysRefresh":false,"showFog":true,"showSkybox":true,"showFlares":true,"showImageEffects":true,"showParticleSystems":true,"showVisualEffectGraphs":true,"m_FxEnabled":true},"in2DMode":false,"pivot":{"x":503.28570556640627,"y":262.4285583496094,"z":3.2958366870880129},"rotation":{"x":0.22974362969398499,"y":0.00875912606716156,"z":-0.0020677491556853058,"w":0.9732096195220947},"size":392.7115478515625,"orthographic":true}