{"cameraMode":{"drawMode":0,"name":"Shaded","section":"Shading Mode"},"sceneLighting":true,"audioPlay":false,"sceneViewState":{"m_AlwaysRefresh":false,"showFog":true,"showSkybox":true,"showFlares":true,"showImageEffects":true,"showParticleSystems":true,"showVisualEffectGraphs":true,"m_FxEnabled":true},"in2DMode":false,"pivot":{"x":2.9030001163482668,"y":-0.31699997186660769,"z":26.66200065612793},"rotation":{"x":-0.014994083903729916,"y":-0.8500275015830994,"z":0.02423238381743431,"w":-0.5259660482406616},"size":3.8555521965026857,"orthographic":false}