{"cameraMode":{"drawMode":0,"name":"Shaded","section":"Shading Mode"},"sceneLighting":true,"audioPlay":false,"sceneViewState":{"m_AlwaysRefresh":false,"showFog":true,"showSkybox":true,"showFlares":true,"showImageEffects":true,"showParticleSystems":true,"showVisualEffectGraphs":true,"m_FxEnabled":true},"in2DMode":false,"pivot":{"x":11.345959663391114,"y":0.36499983072280886,"z":42.61920166015625},"rotation":{"x":0.23272405564785005,"y":-0.37325772643089297,"z":0.09729869663715363,"w":0.8927768468856812},"size":2.3375391960144045,"orthographic":false}