{"cameraMode":{"drawMode":0,"name":"Shaded","section":"Shading Mode"},"sceneLighting":false,"audioPlay":false,"sceneViewState":{"m_AlwaysRefresh":false,"showFog":true,"showSkybox":false,"showFlares":true,"showImageEffects":true,"showParticleSystems":true,"showVisualEffectGraphs":true,"m_FxEnabled":true},"in2DMode":false,"pivot":{"x":1.4549952745437623,"y":-4.863702297210693,"z":44.35350036621094},"rotation":{"x":0.010458434000611306,"y":-0.9380809664726257,"z":0.34508681297302248,"w":0.028429627418518068},"size":7.08507776260376,"orthographic":false}